Date,Contest number,Word,Reported,Hard,1 try,2 tries,3 tries,4 tries,5 tries,6 tries,X
2022-12-31,560.0,manly,20380.0,1899.0,0.0,2.0,17.0,37.0,29.0,12.0,2.0
2022-12-30,559.0,molar,21204.0,1973.0,0.0,4.0,21.0,38.0,26.0,9.0,1.0
2022-12-29,558.0,havoc,20001.0,1919.0,0.0,2.0,16.0,38.0,30.0,12.0,2.0
2022-12-28,557.0,impel,20160.0,1937.0,0.0,3.0,21.0,40.0,25.0,9.0,1.0
2022-12-27,556.0,condo,20879.0,2012.0,0.0,2.0,17.0,35.0,29.0,14.0,3.0
2022-12-26,555.0,judge,20011.0,2043.0,0.0,2.0,8.0,16.0,26.0,33.0,14.0
2022-12-25,554.0,extra,15554.0,1562.0,1.0,5.0,20.0,35.0,28.0,10.0,1.0
2022-12-24,553.0,poise,20281.0,1911.0,2.0,11.0,34.0,32.0,15.0,6.0,1.0
2022-12-23,552.0,aorta,21937.0,2112.0,0.0,7.0,26.0,35.0,20.0,10.0,3.0
2022-12-22,551.0,excel,20490.0,2034.0,0.0,1.0,13.0,34.0,34.0,15.0,2.0
2022-12-21,550.0,lunar,22180.0,2036.0,0.0,5.0,32.0,40.0,17.0,4.0,0.0
2022-12-20,549.0,third,24137.0,2261.0,1.0,10.0,47.0,32.0,9.0,2.0,0.0
2022-12-19,548.0,slate,26010.0,2422.0,6.0,14.0,33.0,27.0,13.0,5.0,1.0
2022-12-18,547.0,taper,22166.0,2108.0,0.0,8.0,28.0,30.0,20.0,11.0,3.0
2022-12-17,546.0,chord,22336.0,2088.0,0.0,7.0,39.0,38.0,13.0,3.0,0.0
2022-12-16,545.0,rprobe,22853.0,2160.0,0.0,6.0,24.0,32.0,24.0,11.0,3.0
2022-12-15,544.0,rival,22176.0,2127.0,0.0,7.0,27.0,35.0,22.0,8.0,1.0
2022-12-14,543.0,usual,20824.0,2048.0,0.0,3.0,20.0,39.0,27.0,10.0,1.0
2022-12-13,542.0,spoke,24101.0,2224.0,0.0,6.0,31.0,38.0,19.0,5.0,0.0
2022-12-12,541.0,apply,22873.0,2150.0,0.0,5.0,28.0,38.0,22.0,7.0,1.0
2022-12-11,540.0,naïve,21947.0,2075.0,1.0,7.0,24.0,32.0,24.0,11.0,1.0
2022-12-10,539.0,knock,21157.0,2041.0,0.0,3.0,18.0,43.0,27.0,8.0,1.0
2022-12-09,538.0,braid,23640.0,2165.0,0.0,10.0,36.0,35.0,14.0,3.0,0.0
2022-12-08,537.0,infer,21199.0,1863.0,0.0,3.0,19.0,33.0,26.0,14.0,3.0
2022-12-07,536.0,joust,24899.0,2388.0,0.0,6.0,29.0,34.0,21.0,8.0,2.0
2022-12-06,535.0,amber,23509.0,2261.0,0.0,6.0,22.0,33.0,24.0,12.0,3.0
2022-12-05,534.0,woken,23153.0,2200.0,0.0,2.0,10.0,25.0,36.0,23.0,4.0
2022-12-04,533.0,adore,25577.0,2398.0,2.0,17.0,32.0,29.0,15.0,5.0,1.0
2022-12-03,532.0,torso,23873.0,2260.0,0.0,4.0,35.0,36.0,17.0,6.0,1.0
2022-12-02,531.0,chafe,24646.0,2343.0,0.0,6.0,30.0,33.0,19.0,9.0,2.0
2022-12-01,530.0,eject,22628.0,2200.0,0.0,2.0,11.0,35.0,36.0,14.0,2.0
2022-11-30,529.0,study,2569.0,2405.0,0.0,6.0,30.0,33.0,19.0,10.0,2.0
2022-11-29,528.0,undue,23739.0,2316.0,0.0,3.0,19.0,35.0,29.0,13.0,2.0
2022-11-28,527.0,tepid,26051.0,2484.0,0.0,10.0,38.0,35.0,13.0,3.0,0.0
2022-11-27,526.0,happy,25206.0,2356.0,0.0,6.0,28.0,39.0,19.0,6.0,1.0
2022-11-26,525.0,clen,26381.0,2424.0,1.0,17.0,36.0,31.0,12.0,3.0,0.0
2022-11-25,524.0,itchy,24197.0,2329.0,0.0,8.0,28.0,40.0,18.0,5.0,1.0
2022-11-24,523.0,feast,27705.0,2725.0,5.0,13.0,25.0,27.0,19.0,10.0,2.0
2022-11-23,522.0,drive,26663.0,2451.0,1.0,12.0,32.0,30.0,18.0,6.0,1.0
2022-11-22,521.0,prime,27437.0,2534.0,1.0,10.0,26.0,32.0,21.0,9.0,1.0
2022-11-21,520.0,axiom,24288.0,2382.0,0.0,5.0,19.0,33.0,27.0,13.0,3.0
2022-11-20,519.0,brave,24991.0,2396.0,1.0,6.0,17.0,27.0,27.0,18.0,5.0
2022-11-19,518.0,avert,24749.0,2400.0,0.0,7.0,26.0,35.0,22.0,9.0,1.0
2022-11-18,517.0,glyph,29208.0,2899.0,0.0,2.0,23.0,49.0,20.0,5.0,1.0
2022-11-17,516.0,there,27465.0,2530.0,0.0,14.0,35.0,33.0,14.0,4.0,0.0
2022-11-16,515.0,baker,25576.0,2541.0,0.0,5.0,16.0,23.0,24.0,22.0,10.0
2022-11-15,514.0,snarl,27475.0,2650.0,0.0,5.0,21.0,31.0,24.0,15.0,4.0
2022-11-14,513.0,maple,26536.0,2467.0,1.0,6.0,26.0,36.0,21.0,8.0,1.0
2022-11-13,512.0,inane,25085.0,2515.0,0.0,8.0,25.0,30.0,21.0,13.0,3.0
2022-11-12,511.0,valet,24660.0,2356.0,0.0,4.0,22.0,38.0,25.0,9.0,1.0
2022-11-11,510.0,medal,25993.0,2438.0,0.0,5.0,25.0,38.0,23.0,8.0,1.0
2022-11-10,509.0,unite,27467.0,2575.0,1.0,11.0,31.0,33.0,18.0,5.0,1.0
2022-11-09,508.0,rainy,28984.0,2678.0,1.0,16.0,38.0,31.0,11.0,3.0,1.0
2022-11-08,507.0,spell,27213.0,2531.0,0.0,4.0,24.0,37.0,24.0,9.0,1.0
2022-11-07,506.0,begin,26096.0,2439.0,0.0,6.0,26.0,36.0,23.0,7.0,1.0
2022-11-06,505.0,stale,31068.0,3013.0,2.0,19.0,30.0,27.0,15.0,6.0,2.0
2022-11-05,504.0,dream,29743.0,2751.0,5.0,14.0,31.0,29.0,15.0,4.0,1.0
2022-11-04,503.0,photo,27330.0,2565.0,0.0,5.0,34.0,43.0,15.0,3.0,0.0
2022-11-03,502.0,aloud,29554.0,2819.0,1.0,18.0,31.0,30.0,15.0,4.0,1.0
2022-11-02,501.0,inept,27670.0,2640.0,0.0,6.0,30.0,39.0,20.0,6.0,1.0
2022-11-01,500.0,piney,27502.0,3667.0,0.0,1.0,14.0,37.0,33.0,14.0,2.0
2022-10-31,499.0,aptly,26498.0,2572.0,0.0,3.0,26.0,41.0,23.0,7.0,1.0
2022-10-30,498.0,waltz,24672.0,2496.0,0.0,2.0,11.0,29.0,35.0,19.0,3.0
2022-10-29,497.0,libel,25156.0,2536.0,0.0,3.0,15.0,32.0,32.0,16.0,2.0
2022-10-28,496.0,sneak,27905.0,2636.0,0.0,7.0,28.0,36.0,21.0,7.0,1.0
2022-10-27,495.0,carry,27609.0,2615.0,0.0,4.0,22.0,35.0,24.0,12.0,3.0
2022-10-26,494.0,flout,30063.0,2904.0,0.0,6.0,28.0,37.0,21.0,7.0,1.0
2022-10-25,493.0,foggy,28953.0,2817.0,0.0,2.0,13.0,35.0,32.0,15.0,3.0
2022-10-24,492.0,fault,28947.0,2768.0,0.0,7.0,27.0,35.0,22.0,8.0,1.0
2022-10-23,491.0,mummy,29279.0,3021.0,0.0,1.0,4.0,14.0,27.0,37.0,18.0
2022-10-22,490.0,spiel,29084.0,2810.0,0.0,7.0,32.0,36.0,19.0,6.0,1.0
2022-10-21,489.0,grove,28637.0,2794.0,0.0,4.0,18.0,30.0,28.0,17.0,3.0
2022-10-20,488.0,denim,28741.0,2769.0,0.0,5.0,29.0,40.0,20.0,5.0,0.0
2022-10-19,487.0,quirk,28322.0,2794.0,0.0,3.0,23.0,39.0,24.0,9.0,2.0
2022-10-18,486.0,exist,28612.0,2805.0,0.0,5.0,24.0,38.0,23.0,8.0,1.0
2022-10-17,485.0,stein,31269.0,2965.0,1.0,12.0,34.0,32.0,16.0,5.0,1.0
2022-10-16,484.0,spade,30459.0,2854.0,1.0,8.0,29.0,36.0,19.0,6.0,1.0
2022-10-15,483.0,catch,30403.0,3123.0,0.0,7.0,18.0,20.0,15.0,16.0,23.0
2022-10-14,482.0,floor,28906.0,2752.0,0.0,3.0,23.0,44.0,24.0,6.0,0.0
2022-10-13,481.0,equal,27197.0,2677.0,0.0,5.0,23.0,35.0,25.0,11.0,2.0
2022-10-12,480.0,ionic,29151.0,2947.0,0.0,2.0,13.0,25.0,28.0,21.0,11.0
2022-10-11,479.0,valid,28575.0,2752.0,0.0,4.0,28.0,38.0,21.0,8.0,1.0
2022-10-10,478.0,enjoy,26878.0,2654.0,0.0,3.0,12.0,29.0,33.0,20.0,3.0
2022-10-09,477.0,howdy,28408.0,2668.0,0.0,2.0,13.0,32.0,32.0,17.0,4.0
2022-10-08,476.0,vigor,26905.0,2642.0,0.0,2.0,15.0,35.0,31.0,14.0,2.0
2022-10-07,475.0,dandy,29026.0,2840.0,0.0,2.0,11.0,23.0,29.0,24.0,11.0
2022-10-06,474.0,sloth,32522.0,2987.0,1.0,10.0,38.0,34.0,13.0,3.0,0.0
2022-10-05,473.0,marxh,30935.0,2885.0,0.0,9.0,30.0,35.0,19.0,6.0,1.0
2022-10-04,472.0,bough,32014.0,3060.0,0.0,3.0,17.0,35.0,28.0,13.0,3.0
2022-10-03,471.0,sting,32288.0,2969.0,1.0,10.0,30.0,33.0,18.0,8.0,2.0
2022-10-02,470.0,twine,30088.0,2775.0,0.0,6.0,28.0,40.0,20.0,5.0,1.0
2022-10-01,469.0,leave,28202.0,2696.0,0.0,4.0,16.0,34.0,31.0,12.0,1.0
2022-09-30,468.0,scorn,31223.0,2859.0,0.0,8.0,31.0,35.0,20.0,6.0,1.0
2022-09-29,467.0,scald,30477.0,2829.0,0.0,4.0,23.0,36.0,24.0,11.0,2.0
2022-09-28,466.0,usurp,31355.0,3007.0,0.0,3.0,21.0,38.0,26.0,9.0,1.0
2022-09-27,465.0,soggy,30985.0,2888.0,0.0,2.0,18.0,38.0,28.0,11.0,2.0
2022-09-26,464.0,brisk,31706.0,2884.0,0.0,5.0,23.0,38.0,24.0,7.0,1.0
2022-09-25,463.0,admit,28994.0,2677.0,0.0,10.0,25.0,34.0,22.0,8.0,1.0
2022-09-24,462.0,grate,32777.0,3077.0,1.0,14.0,29.0,28.0,16.0,8.0,3.0
2022-09-23,461.0,glory,31509.0,2893.0,0.0,6.0,30.0,39.0,19.0,5.0,0.0
2022-09-22,460.0,saint,34455.0,3119.0,1.0,14.0,35.0,29.0,15.0,5.0,1.0
2022-09-21,459.0,recap,31976.0,2900.0,0.0,5.0,30.0,35.0,21.0,8.0,1.0
2022-09-20,458.0,alike,31277.0,2843.0,0.0,6.0,20.0,33.0,27.0,12.0,2.0
2022-09-19,457.0,trice,35050.0,3430.0,0.0,5.0,24.0,25.0,18.0,17.0,11.0
2022-09-18,456.0,stick,33102.0,3038.0,1.0,9.0,36.0,35.0,14.0,4.0,0.0
2022-09-17,455.0,chute,33418.0,3073.0,0.0,11.0,37.0,36.0,12.0,3.0,0.0
2022-09-16,454.0,parer,37309.0,4130.0,0.0,0.0,4.0,11.0,15.0,22.0,48.0
2022-09-15,453.0,doubt,33344.0,3011.0,1.0,12.0,32.0,34.0,16.0,4.0,0.0
2022-09-14,452.0,thyme,32142.0,2938.0,1.0,5.0,24.0,41.0,23.0,5.0,0.0
2022-09-13,451.0,alpha,29497.0,2706.0,0.0,3.0,19.0,40.0,28.0,9.0,1.0
2022-09-12,450.0,booze,29147.0,2883.0,0.0,1.0,7.0,27.0,38.0,23.0,4.0
2022-09-11,449.0,tibia,27887.0,2675.0,0.0,1.0,14.0,40.0,30.0,12.0,2.0
2022-09-10,448.0,lofty,29237.0,2777.0,0.0,4.0,19.0,34.0,27.0,13.0,3.0
2022-09-09,447.0,theme,32172.0,2909.0,0.0,8.0,29.0,40.0,18.0,4.0,0.0
2022-09-08,446.0,class,31962.0,3001.0,0.0,4.0,21.0,32.0,22.0,13.0,7.0
2022-09-07,445.0,leery,30992.0,2873.0,0.0,3.0,17.0,37.0,28.0,12.0,2.0
2022-09-06,444.0,taunt,32734.0,3022.0,0.0,4.0,19.0,27.0,21.0,16.0,13.0
2022-09-05,443.0,whoop,32733.0,2970.0,0.0,1.0,16.0,47.0,29.0,7.0,1.0
2022-09-04,442.0,inter,32018.0,2889.0,0.0,6.0,25.0,36.0,23.0,8.0,1.0
2022-09-03,441.0,gully,31191.0,2877.0,0.0,1.0,9.0,27.0,31.0,25.0,7.0
2022-09-02,440.0,charm,35724.0,3149.0,1.0,12.0,32.0,34.0,16.0,5.0,1.0
2022-09-01,439.0,fungi,31903.0,2928.0,0.0,2.0,18.0,41.0,28.0,9.0,1.0
2022-08-31,438.0,prize,35343.0,3166.0,0.0,5.0,12.0,20.0,32.0,26.0,5.0
2022-08-30,437.0,onset,33660.0,3009.0,0.0,4.0,29.0,40.0,21.0,6.0,1.0
2022-08-29,436.0,chief,34281.0,3072.0,1.0,6.0,32.0,38.0,18.0,5.0,0.0
2022-08-28,435.0,gauze,30214.0,2866.0,0.0,2.0,11.0,24.0,31.0,25.0,8.0
2022-08-27,434.0,ruder,31241.0,2784.0,0.0,2.0,16.0,33.0,29.0,16.0,4.0
2022-08-26,433.0,irony,34716.0,3046.0,0.0,6.0,29.0,34.0,21.0,8.0,1.0
2022-08-25,432.0,clown,36737.0,3175.0,1.0,8.0,29.0,36.0,20.0,6.0,1.0
2022-08-24,431.0,needy,33700.0,2927.0,0.0,2.0,21.0,41.0,26.0,9.0,1.0
2022-08-23,430.0,woven,33549.0,2933.0,0.0,2.0,13.0,32.0,32.0,17.0,3.0
2022-08-22,429.0,merit,35888.0,3123.0,0.0,7.0,33.0,37.0,17.0,5.0,0.0
2022-08-21,428.0,waste,35617.0,3186.0,1.0,7.0,19.0,27.0,24.0,17.0,5.0
2022-08-20,427.0,treat,38245.0,3249.0,1.0,22.0,32.0,26.0,14.0,5.0,1.0
2022-08-19,426.0,shrug,33965.0,2987.0,0.0,4.0,23.0,36.0,26.0,10.0,1.0
2022-08-18,425.0,twang,34938.0,3172.0,0.0,3.0,22.0,43.0,25.0,7.0,1.0
2022-08-17,424.0,twice,35815.0,3173.0,1.0,6.0,28.0,38.0,21.0,6.0,1.0
2022-08-16,423.0,gruel,35105.0,3087.0,0.0,3.0,19.0,39.0,29.0,9.0,1.0
2022-08-15,422.0,poker,35376.0,3180.0,0.0,4.0,17.0,30.0,27.0,17.0,5.0
2022-08-14,421.0,khaki,31652.0,2968.0,0.0,2.0,17.0,33.0,28.0,16.0,4.0
2022-08-13,420.0,hunky,35276.0,3185.0,0.0,1.0,11.0,33.0,25.0,22.0,7.0
2022-08-12,419.0,label,34198.0,3076.0,0.0,4.0,18.0,32.0,29.0,15.0,2.0
2022-08-11,418.0,glean,37301.0,3243.0,0.0,6.0,23.0,37.0,24.0,8.0,1.0
2022-08-10,417.0,cling,37654.0,3312.0,0.0,4.0,20.0,34.0,27.0,13.0,2.0
2022-08-09,416.0,patty,36223.0,3019.0,0.0,2.0,16.0,39.0,29.0,12.0,1.0
2022-08-08,415.0,unfit,35516.0,3187.0,0.0,3.0,24.0,38.0,25.0,9.0,1.0
2022-08-07,414.0,smear,36223.0,3190.0,0.0,2.0,16.0,39.0,29.0,12.0,2.0
2022-08-06,413.0,alien,38841.0,3395.0,3.0,17.0,31.0,29.0,15.0,4.0,0.0
2022-08-05,412.0,buggy,37350.0,3428.0,0.0,1.0,9.0,29.0,34.0,22.0,5.0
2022-08-04,411.0,rhyme,37229.0,3336.0,0.0,4.0,22.0,39.0,25.0,8.0,1.0
2022-08-03,410.0,youth,38381.0,3327.0,1.0,5.0,17.0,31.0,29.0,15.0,3.0
2022-08-02,409.0,coyly,34909.0,3380.0,0.0,0.0,4.0,17.0,28.0,35.0,15.0
2022-08-01,408.0,quart,36662.0,3303.0,0.0,5.0,20.0,33.0,27.0,13.0,2.0
2022-07-31,407.0,cramp,39250.0,3369.0,1.0,8.0,26.0,33.0,19.0,10.0,2.0
2022-07-30,406.0,bluff,37353.0,3171.0,0.0,2.0,14.0,42.0,31.0,10.0,1.0
2022-07-29,405.0,upset,37791.0,3213.0,0.0,5.0,30.0,38.0,20.0,6.0,1.0
2022-07-28,404.0,stomp,40650.0,3490.0,0.0,7.0,26.0,32.0,21.0,11.0,2.0
2022-07-27,403.0,motto,38384.0,3285.0,0.0,1.0,11.0,36.0,36.0,14.0,1.0
2022-07-26,402.0,cinch,39171.0,3507.0,0.0,2.0,15.0,24.0,22.0,25.0,13.0
2022-07-25,401.0,elope,39228.0,3339.0,0.0,4.0,22.0,32.0,26.0,13.0,2.0
2022-07-24,400.0,power,39813.0,3401.0,2.0,6.0,19.0,29.0,24.0,15.0,4.0
2022-07-23,399.0,midge,36769.0,3111.0,0.0,2.0,18.0,39.0,28.0,10.0,2.0
2022-07-22,398.0,tryst,43099.0,3665.0,0.0,3.0,26.0,41.0,23.0,6.0,1.0
2022-07-21,397.0,aphid,39086.0,3367.0,0.0,6.0,24.0,36.0,23.0,9.0,2.0
2022-07-20,396.0,trite,42237.0,3685.0,0.0,4.0,14.0,22.0,22.0,23.0,15.0
2022-07-19,395.0,angry,39667.0,3358.0,0.0,5.0,27.0,38.0,21.0,7.0,1.0
2022-07-18,394.0,flock,42574.0,3548.0,0.0,4.0,22.0,37.0,27.0,9.0,1.0
2022-07-17,393.0,wacky,39611.0,3345.0,0.0,3.0,18.0,39.0,27.0,10.0,2.0
2022-07-16,392.0,roomy,38769.0,3280.0,0.0,2.0,17.0,41.0,28.0,10.0,2.0
2022-07-15,391.0,wedge,39234.0,3353.0,0.0,2.0,11.0,32.0,37.0,17.0,2.0
2022-07-14,390.0,liver,40549.0,3388.0,0.0,4.0,16.0,26.0,25.0,20.0,8.0
2022-07-13,389.0,bland,46246.0,3727.0,0.0,7.0,31.0,38.0,18.0,4.0,0.0
2022-07-12,388.0,night,46910.0,3870.0,1.0,8.0,27.0,27.0,17.0,13.0,7.0
2022-07-11,387.0,madam,40545.0,3430.0,0.0,3.0,13.0,35.0,34.0,14.0,2.0
2022-07-10,386.0,berth,41785.0,3494.0,0.0,7.0,24.0,35.0,24.0,9.0,1.0
2022-07-09,385.0,stead,47094.0,3933.0,1.0,6.0,20.0,27.0,28.0,16.0,3.0
2022-07-08,384.0,voice,42806.0,3484.0,1.0,5.0,24.0,35.0,25.0,9.0,1.0
2022-07-07,383.0,agape,43407.0,3671.0,0.0,2.0,18.0,36.0,27.0,15.0,3.0
2022-07-06,382.0,fluff,47344.0,4049.0,0.0,0.0,4.0,25.0,44.0,23.0,4.0
2022-07-05,381.0,field,44578.0,3604.0,1.0,6.0,25.0,36.0,23.0,9.0,1.0
2022-07-04,380.0,sever,42645.0,3591.0,0.0,2.0,13.0,27.0,29.0,21.0,7.0
2022-07-03,379.0,lilac,40486.0,3461.0,0.0,2.0,17.0,38.0,29.0,12.0,1.0
2022-07-02,378.0,egret,41765.0,3515.0,0.0,3.0,14.0,33.0,33.0,15.0,2.0
2022-07-01,377.0,pinto,47248.0,3792.0,0.0,5.0,25.0,41.0,22.0,6.0,1.0
2022-06-30,376.0,hutch,44212.0,3758.0,0.0,1.0,12.0,28.0,28.0,21.0,9.0
2022-06-29,375.0,gawky,45645.0,3957.0,0.0,1.0,5.0,22.0,33.0,28.0,10.0
2022-06-28,374.0,droll,47312.0,3844.0,0.0,2.0,16.0,31.0,31.0,17.0,3.0
2022-06-27,373.0,retro,47986.0,3848.0,0.0,6.0,24.0,35.0,24.0,9.0,1.0
2022-06-26,372.0,rusty,50450.0,3954.0,0.0,9.0,37.0,34.0,13.0,5.0,1.0
2022-06-25,371.0,beady,46089.0,3670.0,0.0,3.0,19.0,39.0,29.0,10.0,1.0
2022-06-24,370.0,smite,50617.0,3991.0,0.0,6.0,23.0,35.0,24.0,11.0,2.0
2022-06-23,369.0,brink,53111.0,4118.0,0.0,4.0,22.0,41.0,24.0,7.0,1.0
2022-06-22,368.0,awful,47645.0,3861.0,0.0,5.0,21.0,33.0,27.0,12.0,2.0
2022-06-21,367.0,gloat,53342.0,4194.0,0.0,8.0,21.0,31.0,26.0,12.0,2.0
2022-06-20,366.0,input,50484.0,3950.0,0.0,5.0,30.0,38.0,21.0,6.0,1.0
2022-06-19,365.0,loser,55359.0,4399.0,1.0,10.0,28.0,32.0,19.0,8.0,2.0
2022-06-18,364.0,cacao,47205.0,4101.0,0.0,1.0,9.0,27.0,36.0,23.0,4.0
2022-06-17,363.0,blown,54665.0,4251.0,0.0,6.0,23.0,35.0,26.0,10.0,1.0
2022-06-16,362.0,apron,53430.0,4112.0,0.0,7.0,30.0,38.0,19.0,5.0,1.0
2022-06-15,361.0,primo,55989.0,4391.0,0.0,3.0,22.0,38.0,25.0,10.0,2.0
2022-06-14,360.0,atone,59968.0,4762.0,2.0,16.0,34.0,29.0,14.0,4.0,1.0
2022-06-13,359.0,donor,53802.0,4142.0,0.0,3.0,27.0,38.0,23.0,7.0,1.0
2022-06-12,358.0,float,56684.0,4323.0,1.0,12.0,30.0,32.0,18.0,6.0,1.0
2022-06-11,357.0,goose,51958.0,4087.0,0.0,2.0,12.0,28.0,32.0,21.0,5.0
2022-06-10,356.0,piety,55376.0,4324.0,0.0,4.0,25.0,41.0,22.0,7.0,1.0
2022-06-09,355.0,girth,60020.0,4665.0,0.0,6.0,23.0,33.0,23.0,12.0,3.0
2022-06-08,354.0,trait,61026.0,4607.0,0.0,6.0,22.0,35.0,24.0,11.0,2.0
2022-06-07,353.0,flood,58991.0,4440.0,0.0,3.0,20.0,40.0,28.0,8.0,1.0
2022-06-06,352.0,gloom,58478.0,4548.0,0.0,2.0,14.0,35.0,35.0,13.0,1.0
2022-06-05,351.0,depth,56738.0,4329.0,0.0,6.0,28.0,39.0,20.0,6.0,1.0
2022-06-04,350.0,froth,58263.0,4432.0,0.0,5.0,22.0,35.0,25.0,11.0,1.0
2022-06-03,349.0,peach,65431.0,4957.0,1.0,13.0,38.0,32.0,13.0,3.0,0.0
2022-06-02,348.0,showy,61278.0,4770.0,0.0,2.0,16.0,37.0,30.0,13.0,2.0
2022-06-01,347.0,creak,63241.0,4797.0,0.0,5.0,21.0,32.0,25.0,14.0,3.0
2022-05-31,346.0,manor,62768.0,4802.0,0.0,6.0,27.0,34.0,21.0,10.0,2.0
2022-05-30,345.0,atoll,60969.0,4741.0,0.0,6.0,28.0,36.0,21.0,8.0,1.0
2022-05-29,344.0,bayou,56839.0,4435.0,0.0,6.0,17.0,33.0,29.0,13.0,2.0
2022-05-28,343.0,crept,60069.0,4562.0,0.0,4.0,27.0,38.0,22.0,7.0,1.0
2022-05-27,342.0,tiara,63846.0,4842.0,0.0,8.0,36.0,33.0,17.0,6.0,1.0
2022-05-26,341.0,asset,63188.0,4733.0,0.0,7.0,28.0,34.0,21.0,8.0,1.0
2022-05-25,340.0,vouch,62723.0,4835.0,0.0,2.0,9.0,25.0,33.0,24.0,6.0
2022-05-24,339.0,album,63380.0,4809.0,0.0,5.0,26.0,35.0,24.0,9.0,1.0
2022-05-23,338.0,hinge,66431.0,4906.0,0.0,5.0,25.0,37.0,22.0,9.0,2.0
2022-05-22,337.0,money,67909.0,4928.0,1.0,7.0,26.0,36.0,21.0,8.0,1.0
2022-05-21,336.0,scrap,66814.0,4973.0,1.0,9.0,28.0,34.0,20.0,8.0,1.0
2022-05-20,335.0,gamer,69884.0,5238.0,1.0,4.0,17.0,28.0,26.0,18.0,6.0
2022-05-19,334.0,glass,70920.0,5162.0,0.0,4.0,19.0,33.0,27.0,14.0,3.0
2022-05-18,333.0,scour,73933.0,5544.0,0.0,8.0,34.0,35.0,17.0,5.0,1.0
2022-05-17,332.0,being,70722.0,5142.0,0.0,4.0,22.0,37.0,26.0,10.0,1.0
2022-05-16,331.0,delve,68349.0,5179.0,0.0,2.0,14.0,32.0,33.0,16.0,2.0
2022-05-15,330.0,yield,67115.0,4963.0,0.0,4.0,16.0,29.0,29.0,18.0,4.0
2022-05-14,329.0,metal,73225.0,5290.0,1.0,10.0,31.0,34.0,18.0,7.0,1.0
2022-05-13,328.0,tipsy,77585.0,5522.0,0.0,6.0,33.0,38.0,17.0,5.0,1.0
2022-05-12,327.0,slung,75673.0,5419.0,0.0,2.0,16.0,37.0,31.0,13.0,2.0
2022-05-11,326.0,farce,79446.0,5688.0,0.0,9.0,26.0,32.0,21.0,9.0,1.0
2022-05-10,325.0,gecko,74412.0,5489.0,0.0,2.0,16.0,38.0,29.0,12.0,2.0
2022-05-09,324.0,shine,88932.0,6146.0,1.0,14.0,32.0,30.0,17.0,6.0,1.0
2022-05-08,323.0,canny,72518.0,5256.0,0.0,2.0,10.0,30.0,34.0,20.0,4.0
2022-05-07,322.0,midst,74458.0,5233.0,0.0,3.0,25.0,39.0,24.0,9.0,1.0
2022-05-06,321.0,badge,76292.0,5482.0,0.0,4.0,20.0,35.0,26.0,12.0,2.0
2022-05-05,320.0,homer,85979.0,6313.0,0.0,3.0,16.0,26.0,24.0,19.0,12.0
2022-05-04,319.0,train,107750.0,7243.0,6.0,26.0,32.0,22.0,10.0,3.0,0.0
2022-05-03,318.0,hairy,85817.0,5941.0,1.0,8.0,24.0,33.0,23.0,10.0,1.0
2022-05-02,317.0,story,95643.0,6530.0,1.0,10.0,23.0,29.0,24.0,11.0,2.0
2022-05-01,316.0,forgo,77658.0,5699.0,0.0,1.0,9.0,26.0,37.0,23.0,3.0
2022-04-30,315.0,larva,77991.0,5749.0,0.0,2.0,10.0,25.0,35.0,23.0,4.0
2022-04-29,314.0,tash,106652.0,7001.0,2.0,19.0,34.0,27.0,13.0,4.0,1.0
2022-04-28,313.0,zesty,88974.0,6315.0,0.0,2.0,12.0,27.0,30.0,22.0,7.0
2022-04-27,312.0,shown,98967.0,6564.0,0.0,6.0,26.0,36.0,22.0,8.0,1.0
2022-04-26,311.0,heist,103153.0,6830.0,1.0,13.0,32.0,31.0,16.0,6.0,1.0
2022-04-25,310.0,askew,91548.0,6549.0,0.0,3.0,13.0,29.0,32.0,19.0,4.0
2022-04-24,309.0,inert,97452.0,6743.0,0.0,7.0,27.0,34.0,22.0,9.0,1.0
2022-04-23,308.0,olive,95562.0,6482.0,1.0,6.0,25.0,34.0,23.0,10.0,1.0
2022-04-22,307.0,plant,119232.0,7731.0,2.0,19.0,39.0,28.0,10.0,3.0,0.0
2022-04-21,306.0,oxide,97955.0,6960.0,0.0,2.0,11.0,30.0,33.0,21.0,4.0
2022-04-20,305.0,cargo,102007.0,6796.0,0.0,5.0,20.0,34.0,27.0,12.0,2.0
2022-04-19,304.0,foyer,108899.0,8198.0,0.0,2.0,10.0,19.0,19.0,23.0,26.0
2022-04-18,303.0,flair,112383.0,7341.0,1.0,8.0,30.0,36.0,18.0,6.0,1.0
2022-04-17,302.0,ample,106681.0,7008.0,0.0,4.0,20.0,35.0,27.0,11.0,2.0
2022-04-16,301.0,cheek,107987.0,7035.0,0.0,3.0,19.0,40.0,28.0,9.0,1.0
2022-04-15,300.0,shame,129991.0,8522.0,1.0,11.0,22.0,25.0,21.0,15.0,5.0
2022-04-14,299.0,mince,113448.0,7356.0,0.0,6.0,24.0,35.0,24.0,10.0,1.0
2022-04-13,298.0,chunk,123255.0,7835.0,1.0,4.0,29.0,42.0,18.0,5.0,1.0
2022-04-12,297.0,royal,114907.0,7275.0,1.0,5.0,24.0,36.0,23.0,9.0,1.0
2022-04-11,296.0,squad,109828.0,7236.0,0.0,3.0,20.0,33.0,27.0,14.0,2.0
2022-04-10,295.0,black,126241.0,7894.0,1.0,10.0,31.0,34.0,18.0,6.0,1.0
2022-04-09,294.0,stair,134210.0,8537.0,2.0,21.0,36.0,26.0,11.0,4.0,1.0
2022-04-08,293.0,scare,141158.0,9010.0,1.0,12.0,23.0,26.0,21.0,13.0,4.0
2022-04-07,292.0,foray,117761.0,7575.0,0.0,2.0,14.0,31.0,31.0,19.0,4.0
2022-04-06,291.0,comma,117856.0,7560.0,0.0,2.0,13.0,33.0,33.0,17.0,3.0
2022-04-05,290.0,natal,121356.0,7702.0,0.0,2.0,14.0,32.0,32.0,17.0,3.0
2022-04-04,289.0,shawl,129651.0,7943.0,0.0,3.0,16.0,31.0,30.0,16.0,3.0
2022-04-03,288.0,fewer,124532.0,7931.0,0.0,2.0,10.0,24.0,32.0,26.0,6.0
2022-04-02,287.0,trope,155079.0,9315.0,1.0,16.0,33.0,28.0,15.0,6.0,1.0
2022-04-01,286.0,snout,144648.0,8913.0,1.0,4.0,19.0,27.0,26.0,18.0,5.0
2022-03-31,285.0,lowly,135219.0,8469.0,0.0,2.0,9.0,26.0,32.0,24.0,8.0
2022-03-30,284.0,stove,158139.0,9318.0,0.0,5.0,16.0,24.0,27.0,21.0,6.0
2022-03-29,283.0,shall,149070.0,8494.0,0.0,3.0,17.0,30.0,28.0,17.0,4.0
2022-03-28,282.0,found,173696.0,10613.0,1.0,6.0,17.0,22.0,20.0,21.0,14.0
2022-03-27,281.0,nymph,165468.0,9935.0,1.0,2.0,18.0,44.0,26.0,26.0,9.0
2022-03-26,280.0,epoxy,149507.0,9376.0,0.0,2.0,13.0,31.0,33.0,18.0,3.0
2022-03-25,279.0,depot,150197.0,8562.0,0.0,5.0,29.0,36.0,20.0,7.0,1.0
2022-03-24,278.0,chest,169066.0,9318.0,1.0,14.0,35.0,31.0,14.0,5.0,1.0
2022-03-23,277.0,purge,156785.0,8555.0,1.0,4.0,22.0,35.0,26.0,11.0,2.0
2022-03-22,276.0,slosh,160161.0,8807.0,0.0,2.0,19.0,36.0,27.0,13.0,2.0
2022-03-21,275.0,their,173636.0,9200.0,2.0,14.0,36.0,30.0,13.0,4.0,0.0
2022-03-20,274.0,renew,154987.0,8417.0,0.0,4.0,20.0,33.0,27.0,13.0,2.0
2022-03-19,273.0,allow,156311.0,8515.0,0.0,5.0,21.0,32.0,26.0,14.0,3.0
2022-03-18,272.0,saute,179830.0,9304.0,1.0,8.0,31.0,34.0,19.0,6.0,1.0
2022-03-17,271.0,movie,169071.0,8847.0,1.0,5.0,18.0,30.0,26.0,16.0,3.0
2022-03-16,270.0,cater,217856.0,11234.0,1.0,7.0,19.0,22.0,19.0,18.0,15.0
2022-03-15,269.0,tease,202855.0,10024.0,1.0,16.0,32.0,30.0,16.0,6.0,1.0
2022-03-14,268.0,smelt,185406.0,9373.0,0.0,5.0,19.0,33.0,28.0,13.0,2.0
2022-03-13,267.0,focus,179436.0,8937.0,1.0,4.0,23.0,36.0,24.0,10.0,1.0
2022-03-12,266.0,today,192049.0,9353.0,1.0,7.0,29.0,35.0,20.0,7.0,1.0
2022-03-11,265.0,watch,226349.0,12400.0,1.0,6.0,14.0,18.0,17.0,24.0,20.0
2022-03-10,264.0,lapse,208884.0,9960.0,0.0,8.0,31.0,34.0,19.0,7.0,1.0
2022-03-09,263.0,month,201799.0,9435.0,1.0,5.0,26.0,37.0,22.0,8.0,1.0
2022-03-08,262.0,sweet,207473.0,9767.0,1.0,5.0,18.0,31.0,28.0,15.0,2.0
2022-03-07,261.0,hoard,218595.0,9823.0,1.0,9.0,30.0,34.0,19.0,7.0,1.0
2022-03-06,260.0,cloth,218595.0,9911.0,1.0,8.0,33.0,34.0,17.0,7.0,1.0
2022-03-05,259.0,brine,229895.0,10405.0,1.0,9.0,25.0,29.0,22.0,12.0,3.0
2022-03-04,258.0,ahead,203730.0,9396.0,1.0,5.0,20.0,35.0,26.0,12.0,2.0
2022-03-03,257.0,mourn,240018.0,10465.0,1.0,8.0,29.0,34.0,19.0,8.0,1.0
2022-03-02,256.0,nasty,255272.25,10813.0,1.0,7.0,26.0,31.0,21.0,11.0,2.0
2022-03-01,255.0,rupee,240137.0,10577.0,1.0,2.0,17.0,35.0,30.0,13.0,2.0
2022-02-28,254.0,choke,251094.0,10521.0,1.0,8.0,30.0,36.0,18.0,6.0,1.0
2022-02-27,253.0,chant,250413.0,10438.0,1.0,9.0,33.0,33.0,16.0,7.0,1.0
2022-02-26,252.0,spill,248363.0,10087.0,1.0,5.0,26.0,34.0,22.0,10.0,2.0
2022-02-25,251.0,vivid,255272.25,11687.0,1.0,2.0,10.0,29.0,33.0,21.0,4.0
2022-02-24,250.0,bloke,250674.0,10405.0,1.0,6.0,21.0,32.0,25.0,12.0,2.0
2022-02-23,249.0,trove,255272.25,11411.0,1.0,5.0,16.0,24.0,25.0,22.0,8.0
2022-02-22,248.0,thorn,255272.25,11814.0,1.0,14.0,38.0,30.0,12.0,4.0,0.0
2022-02-21,247.0,other,255272.25,10887.0,1.0,9.0,26.0,30.0,21.0,10.0,2.0
2022-02-20,246.0,tacit,255272.25,11094.0,1.0,4.0,21.0,32.0,26.0,14.0,3.0
2022-02-19,245.0,swill,255272.25,11241.0,1.0,1.0,8.0,19.0,31.0,30.0,10.0
2022-02-18,244.0,dodge,255272.25,10220.0,1.0,3.0,15.0,29.0,27.0,19.0,7.0
2022-02-17,243.0,shake,255272.25,12767.0,1.0,6.0,16.0,23.0,24.0,21.0,9.0
2022-02-16,242.0,caulk,255272.25,10740.0,1.0,4.0,20.0,31.0,26.0,15.0,3.0
2022-02-15,241.0,aroma,255272.25,10343.0,1.0,6.0,25.0,33.0,22.0,11.0,2.0
2022-02-14,240.0,cynic,255272.25,10343.0,1.0,6.0,25.0,33.0,22.0,11.0,2.0
2022-02-13,239.0,robin,255272.25,3249.0,1.0,6.0,29.0,34.0,21.0,8.0,1.0
2022-02-12,238.0,ultra,255272.25,9310.0,1.0,7.0,23.0,34.0,24.0,10.0,1.0
2022-02-11,237.0,ulcer,255272.25,10631.0,1.0,4.0,18.0,30.0,28.0,16.0,3.0
2022-02-10,236.0,pause,255272.25,13238.5,1.0,8.0,26.0,32.0,21.0,10.0,2.0
2022-02-09,235.0,humor,255272.25,13238.5,1.0,5.0,22.0,34.0,25.0,11.0,2.0
2022-02-08,234.0,frame,255272.25,13238.5,1.0,10.0,20.0,24.0,24.0,17.0,3.0
2022-02-07,233.0,elder,255272.25,13238.5,1.0,3.0,13.0,24.0,30.0,24.0,5.0
2022-02-06,232.0,skill,255272.25,13238.5,1.0,3.0,17.0,33.0,27.0,16.0,3.0
2022-02-05,231.0,aloft,255272.25,13238.5,1.0,4.0,22.0,36.0,25.0,11.0,2.0
2022-02-04,230.0,pleat,255272.25,13238.5,1.0,10.0,28.0,31.0,19.0,9.0,2.0
2022-02-03,229.0,shard,255272.25,13238.5,1.0,7.0,22.0,28.0,25.0,14.0,4.0
2022-02-02,228.0,moist,255272.25,13238.5,3.0,13.0,32.0,29.0,16.0,7.0,1.0
2022-02-01,227.0,those,255272.25,13238.5,1.0,13.0,34.0,30.0,15.0,6.0,1.0
2022-01-31,226.0,light,255272.25,13238.5,1.0,10.0,25.0,27.0,19.0,12.0,5.0
2022-01-30,225.0,wrung,255272.25,11524.0,0.0,2.0,18.0,39.0,27.0,12.0,2.0
2022-01-29,224.0,could,255272.25,11592.0,1.0,7.0,29.0,35.0,20.0,8.0,1.0
2022-01-28,223.0,perky,255272.25,11148.0,1.0,4.0,17.0,30.0,27.0,17.0,4.0
2022-01-27,222.0,mount,255272.25,11451.0,1.0,9.0,29.0,33.0,19.0,7.0,1.0
2022-01-26,221.0,whack,255272.25,10163.0,1.0,4.0,22.0,37.0,24.0,10.0,2.0
2022-01-25,220.0,sugar,255272.25,8708.0,1.0,6.0,25.0,34.0,23.0,9.0,1.0
2022-01-24,219.0,knoll,255272.25,8317.0,1.0,1.0,11.0,29.0,33.0,21.0,4.0
2022-01-23,218.0,crimp,255272.25,7630.0,1.0,5.0,28.0,38.0,20.0,7.0,1.0
2022-01-22,217.0,wince,241489.0,6850.0,1.0,3.0,17.0,33.0,29.0,15.0,3.0
2022-01-21,216.0,prick,255272.25,7409.0,1.0,8.0,30.0,33.0,19.0,7.0,1.0
2022-01-20,215.0,robot,243964.0,6589.0,1.0,8.0,29.0,34.0,20.0,8.0,1.0
2022-01-19,214.0,point,255272.25,7094.0,1.0,16.0,37.0,28.0,12.0,4.0,1.0
2022-01-18,213.0,proxy,220950.0,6206.0,1.0,2.0,11.0,24.0,31.0,26.0,6.0
2022-01-17,212.0,shire,222197.0,5640.0,1.0,8.0,32.0,32.0,18.0,8.0,2.0
2022-01-16,211.0,solar,209609.0,4955.0,1.0,9.0,32.0,32.0,18.0,7.0,1.0
2022-01-15,210.0,panic,205880.0,4655.0,1.0,9.0,35.0,34.0,16.0,5.0,1.0
2022-01-14,209.0,tangy,169484.0,3985.0,1.0,4.0,21.0,30.0,24.0,15.0,5.0
2022-01-13,208.0,abbey,132726.0,3345.0,1.0,2.0,13.0,29.0,31.0,20.0,3.0
2022-01-12,207.0,favor ,137586.0,3073.0,1.0,4.0,15.0,26.0,29.0,21.0,4.0
2022-01-11,206.0,drink,153880.0,3017.0,1.0,9.0,35.0,34.0,16.0,5.0,1.0
2022-01-10,205.0,query,107134.0,2242.0,1.0,4.0,16.0,30.0,30.0,17.0,2.0
2022-01-09,204.0,gorge,91477.0,1913.0,1.0,3.0,13.0,27.0,30.0,22.0,4.0
2022-01-08,203.0,crank,101503.0,1763.0,1.0,5.0,23.0,31.0,24.0,14.0,2.0
2022-01-07,202.0,slump,80630.0,1362.0,1.0,3.0,23.0,39.0,24.0,9.0,1.0
